[
  {
    "id": "66be850f-299e-45a2-9d1c-e23e56d64042",
    "data": [
      {
        "text": "So bullies dont pick on him and he can protect himself.",
        "userDefined": false
      }
    ],
    "isTemplate": false,
    "count": 0,
    "lang": "en",
    "updated": 0
  },
  {
    "id": "41c4bc30-9745-4500-b5c8-baf187c0a475",
    "data": [
      {
        "text": "I have ",
        "userDefined": false
      },
      {
        "text": "two",
        "meta": "@sys.number",
        "alias": "number",
        "userDefined": false
      },
      {
        "text": " kids who are both highly sensitive and very perceptive. They take things very personally and had a hard time accepting temporary setbacks. They have improved drastically in regard to this, and have developed a nice growth mindset.",
        "userDefined": false
      }
    ],
    "isTemplate": false,
    "count": 0,
    "lang": "en",
    "updated": 0
  },
  {
    "id": "f070b8c0-1526-4f3a-8c7a-63e925606d28",
    "data": [
      {
        "text": "He wants to do better and gets frustrated with himself.",
        "userDefined": false
      }
    ],
    "isTemplate": false,
    "count": 0,
    "lang": "en",
    "updated": 0
  },
  {
    "id": "dad9022f-e079-460b-afe8-9fc1e9689269",
    "data": [
      {
        "text": "I want my child to be assertive and bold as well as a good listener and respectful",
        "userDefined": false
      }
    ],
    "isTemplate": false,
    "count": 0,
    "lang": "en",
    "updated": 0
  },
  {
    "id": "d689b62d-821b-43f0-9814-8dadae17f26c",
    "data": [
      {
        "text": "I don\u0027t understand the question,  i apologize.",
        "userDefined": false
      }
    ],
    "isTemplate": false,
    "count": 0,
    "lang": "en",
    "updated": 0
  },
  {
    "id": "287d72f1-416c-42a5-a112-b1a145fde71c",
    "data": [
      {
        "text": "my daughter is a very quiet person around people she doesn\u0027t know. I would like to see her use her voice and be confident and bold in conversation, relationships and decision making",
        "userDefined": false
      }
    ],
    "isTemplate": false,
    "count": 0,
    "lang": "en",
    "updated": 0
  },
  {
    "id": "a961dd30-ca38-4643-ae31-b8764547d979",
    "data": [
      {
        "text": "I want her to be comfortable enough to express herself effectively in any type of social, school, or professional situation, and capable enough to understand what her body can do and how it can be used.",
        "userDefined": false
      }
    ],
    "isTemplate": false,
    "count": 0,
    "lang": "en",
    "updated": 0
  },
  {
    "id": "10fb0cf5-5be4-4d9d-b921-dbc277799697",
    "data": [
      {
        "text": "To know your value and how to talk/work with others.",
        "userDefined": false
      }
    ],
    "isTemplate": false,
    "count": 0,
    "lang": "en",
    "updated": 0
  },
  {
    "id": "f4a67f0b-b978-4fc8-914c-b7d49711b92f",
    "data": [
      {
        "text": "We are living in a very crazy world right now and I want my child to have the necessary tools, confidence to be able to live in it.",
        "userDefined": false
      }
    ],
    "isTemplate": false,
    "count": 0,
    "lang": "en",
    "updated": 0
  },
  {
    "id": "0415e28e-5e9b-4729-8160-835eefffe50c",
    "data": [
      {
        "text": "For my older child, patience and discipline d/t his ADHD to help him in his social environments. For my middle child mental toughness because he gives up so easily.",
        "userDefined": false
      }
    ],
    "isTemplate": false,
    "count": 0,
    "lang": "en",
    "updated": 0
  },
  {
    "id": "aee48166-ce50-436e-ba99-019c04ec21f1",
    "data": [
      {
        "text": "It will help her at school and socially.",
        "userDefined": false
      }
    ],
    "isTemplate": false,
    "count": 0,
    "lang": "en",
    "updated": 0
  },
  {
    "id": "9492b955-3c4a-41ae-b80f-95f89a1f58ec",
    "data": [
      {
        "text": "So he can become a leader in society and become the best version of themselves",
        "userDefined": false
      }
    ],
    "isTemplate": false,
    "count": 0,
    "lang": "en",
    "updated": 0
  },
  {
    "id": "0b175886-b68b-456a-801e-d4e6183c8505",
    "data": [
      {
        "text": "We want our son to be confident in his abilities and decisions as he gets older",
        "userDefined": false
      }
    ],
    "isTemplate": false,
    "count": 0,
    "lang": "en",
    "updated": 0
  },
  {
    "id": "0cdb376e-f524-4a94-bfe4-c6b8d37d2051",
    "data": [
      {
        "text": "So he can believe in himself",
        "userDefined": false
      }
    ],
    "isTemplate": false,
    "count": 0,
    "lang": "en",
    "updated": 0
  },
  {
    "id": "18ff34c7-47fe-4326-aade-fe40823fd8d0",
    "data": [
      {
        "text": "He was having a hard time with school. But he has turned everything around , He is taught self control respect and to believe in himself   He has the support to help him",
        "userDefined": false
      }
    ],
    "isTemplate": false,
    "count": 0,
    "lang": "en",
    "updated": 0
  },
  {
    "id": "2ccc1433-48e5-47b3-8878-a4a39c84c44a",
    "data": [
      {
        "text": "I want my children to learn that they have to work hard to get what they want. I want them to understand life isn\u0027t linear and that there are ups and downs and that we learn from all areas/aspects of our lives.",
        "userDefined": false
      }
    ],
    "isTemplate": false,
    "count": 0,
    "lang": "en",
    "updated": 0
  },
  {
    "id": "55baa17a-62c7-483f-a94c-aba803648c37",
    "data": [
      {
        "text": "To be a successful, productive young adult and adult",
        "userDefined": false
      }
    ],
    "isTemplate": false,
    "count": 0,
    "lang": "en",
    "updated": 0
  },
  {
    "id": "3291b1d6-e091-4a47-8b27-a3a849e3312f",
    "data": [
      {
        "text": "It\u0027s a spot where he needs some improvement.",
        "userDefined": false
      }
    ],
    "isTemplate": false,
    "count": 0,
    "lang": "en",
    "updated": 0
  },
  {
    "id": "4cd29a9f-a6e1-4df9-be5a-0071b30f8cff",
    "data": [
      {
        "text": "Challenging to get her to focus but when she does she enjoys activities",
        "userDefined": false
      }
    ],
    "isTemplate": false,
    "count": 0,
    "lang": "en",
    "updated": 0
  },
  {
    "id": "a9f25088-a63b-4eed-903a-300eeaa1affe",
    "data": [
      {
        "text": "Because it will help the foundation for her attitude towards goal setting and commitment.",
        "userDefined": false
      }
    ],
    "isTemplate": false,
    "count": 0,
    "lang": "en",
    "updated": 0
  },
  {
    "id": "38bd4839-a1b6-4a07-9cf2-12a0d4a3e729",
    "data": [
      {
        "text": "Safety and self esteem",
        "userDefined": false
      }
    ],
    "isTemplate": false,
    "count": 0,
    "lang": "en",
    "updated": 0
  },
  {
    "id": "4d099c98-e4d5-41dc-ae9c-d81a656f1c9d",
    "data": [
      {
        "text": "She is shy and i want her to be more confident.",
        "userDefined": false
      }
    ],
    "isTemplate": false,
    "count": 0,
    "lang": "en",
    "updated": 0
  },
  {
    "id": "3c7fd40b-e5f4-4f46-9291-b1e556d69707",
    "data": [
      {
        "text": "To break the shell of shyness and to be able to communicate effectively with other adults and children",
        "userDefined": false
      }
    ],
    "isTemplate": false,
    "count": 0,
    "lang": "en",
    "updated": 0
  },
  {
    "id": "0b5609a6-efde-46ef-9b49-c9cab43044d2",
    "data": [
      {
        "text": "He was very shy, would not stand up for himself. Was afraid to make friends",
        "userDefined": false
      }
    ],
    "isTemplate": false,
    "count": 0,
    "lang": "en",
    "updated": 0
  },
  {
    "id": "f69cb8d4-6c44-4b19-a856-050f0449aa18",
    "data": [
      {
        "text": "My daughter has ADHD and having discipline and routine helps her regulate herself. My son is often soft spoken and has a hard time standing up for himself so confidence is key.",
        "userDefined": false
      }
    ],
    "isTemplate": false,
    "count": 0,
    "lang": "en",
    "updated": 0
  },
  {
    "id": "59347404-383b-410c-82a7-f4af09e128c5",
    "data": [
      {
        "text": "Learning these character traits will help him for his entire life",
        "userDefined": false
      }
    ],
    "isTemplate": false,
    "count": 0,
    "lang": "en",
    "updated": 0
  },
  {
    "id": "56840bdd-59ce-47c5-a2cc-4213277accdd",
    "data": [
      {
        "text": "Make ",
        "userDefined": false
      },
      {
        "text": "Julio",
        "meta": "@sys.person",
        "alias": "person",
        "userDefined": false
      },
      {
        "text": " the best person he can be!",
        "userDefined": false
      }
    ],
    "isTemplate": false,
    "count": 0,
    "lang": "en",
    "updated": 0
  },
  {
    "id": "96e73a68-d0cc-4059-b8c5-7cf77446dd7a",
    "data": [
      {
        "text": "Learning to never give up to succeed in life",
        "userDefined": false
      }
    ],
    "isTemplate": false,
    "count": 0,
    "lang": "en",
    "updated": 0
  },
  {
    "id": "7876e65b-895e-4c14-b87a-7f83f537dd24",
    "data": [
      {
        "text": "He is small for his age and easily distracted",
        "userDefined": false
      }
    ],
    "isTemplate": false,
    "count": 0,
    "lang": "en",
    "updated": 0
  },
  {
    "id": "e557c7b8-853f-4c0e-a2e9-5a2d581b1d3d",
    "data": [
      {
        "text": "He tends to put himself down when he makes wrong choices.",
        "userDefined": false
      }
    ],
    "isTemplate": false,
    "count": 0,
    "lang": "en",
    "updated": 0
  },
  {
    "id": "93f9e4ba-13c4-44b4-989d-37ccb372f1e5",
    "data": [
      {
        "text": "For life skills and development such as confidence, integrity, team work",
        "userDefined": false
      }
    ],
    "isTemplate": false,
    "count": 0,
    "lang": "en",
    "updated": 0
  },
  {
    "id": "d1f264f0-ac62-48e3-b844-8cc8dad9fa5d",
    "data": [
      {
        "text": "These are basic skills that are essential to growing up.",
        "userDefined": false
      }
    ],
    "isTemplate": false,
    "count": 0,
    "lang": "en",
    "updated": 0
  },
  {
    "id": "3e1811ec-b001-4aa5-b5dd-f43868fd0ef2",
    "data": [
      {
        "text": "It\u0027s important so he can have the confidence he needs to be his best self out in the world",
        "userDefined": false
      }
    ],
    "isTemplate": false,
    "count": 0,
    "lang": "en",
    "updated": 0
  },
  {
    "id": "7e7347cb-cfee-4492-a333-ca566522b8a9",
    "data": [
      {
        "text": "This is important because they need to be able to handle whatever life throws at them.",
        "userDefined": false
      }
    ],
    "isTemplate": false,
    "count": 0,
    "lang": "en",
    "updated": 0
  },
  {
    "id": "3e278e95-06be-4531-b305-58b93ba9f82e",
    "data": [
      {
        "text": "As it is probably the same for most parents",
        "userDefined": false
      }
    ],
    "isTemplate": false,
    "count": 0,
    "lang": "en",
    "updated": 0
  },
  {
    "id": "8af638c3-fa61-4d39-bf95-63d803759a8c",
    "data": [
      {
        "text": "Because he is shy and introverted and gets nervous around others may doubt themselves",
        "userDefined": false
      }
    ],
    "isTemplate": false,
    "count": 0,
    "lang": "en",
    "updated": 0
  }
]