[
  {
    "value": "self control",
    "synonyms": [
      "self control"
    ]
  },
  {
    "value": "confidence and social skills",
    "synonyms": [
      "confidence and social skills"
    ]
  },
  {
    "value": "discipline, respect, patience",
    "synonyms": [
      "discipline, respect, patience"
    ]
  },
  {
    "value": "Leadership, structure, discipline, goal setting and teamwork.",
    "synonyms": [
      "Leadership, structure, discipline, goal setting and teamwork.",
      "Leadership, structure, discipline, goal setting and teamwork"
    ]
  },
  {
    "value": "patience, discipline, control, mental toughness",
    "synonyms": [
      "patience, discipline, control, mental toughness"
    ]
  },
  {
    "value": "self confidence",
    "synonyms": [
      "self confidence"
    ]
  },
  {
    "value": "focus, listening skills, and confidence",
    "synonyms": [
      "focus, listening skills, and confidence"
    ]
  },
  {
    "value": "resilience and confidence",
    "synonyms": [
      "resilience and confidence"
    ]
  },
  {
    "value": "self confidence, teach leadership",
    "synonyms": [
      "self confidence, teach leadership"
    ]
  },
  {
    "value": "focus, concentration, and discipline",
    "synonyms": [
      "focus, concentration, and discipline"
    ]
  },
  {
    "value": "self esteem and discipline",
    "synonyms": [
      "self esteem and discipline"
    ]
  },
  {
    "value": "self-confidence and discipline",
    "synonyms": [
      "self-confidence and discipline"
    ]
  },
  {
    "value": "confidence",
    "synonyms": [
      "confidence"
    ]
  },
  {
    "value": "Personal respect and responsibility",
    "synonyms": [
      "Personal respect and responsibility"
    ]
  },
  {
    "value": "Confidence and self defense",
    "synonyms": [
      "Confidence and self defense"
    ]
  },
  {
    "value": "discipline",
    "synonyms": [
      "discipline"
    ]
  },
  {
    "value": "confidence and strength",
    "synonyms": [
      "confidence and strength"
    ]
  },
  {
    "value": "Sense of being a young man",
    "synonyms": [
      "Sense of being a young man"
    ]
  },
  {
    "value": "confidence and friendships",
    "synonyms": [
      "confidence and friendships"
    ]
  },
  {
    "value": "confidence, self-esteem",
    "synonyms": [
      "confidence, self-esteem"
    ]
  },
  {
    "value": "pay attention, focus, set goals",
    "synonyms": [
      "pay attention, focus, set goals"
    ]
  },
  {
    "value": "discipline, focus, respect, better their listening skills, and patience",
    "synonyms": [
      "discipline, focus, respect, better their listening skills, and patience"
    ]
  },
  {
    "value": "respect, confidence and discipline",
    "synonyms": [
      "respect, confidence and discipline"
    ]
  },
  {
    "value": "Teach discipline and respect",
    "synonyms": [
      "Teach discipline and respect"
    ]
  },
  {
    "value": "Strength and confidence",
    "synonyms": [
      "Strength and confidence"
    ]
  },
  {
    "value": "direction, motivation, healthy habits",
    "synonyms": [
      "direction, motivation, healthy habits"
    ]
  },
  {
    "value": "self confidence and discipline",
    "synonyms": [
      "self confidence and discipline"
    ]
  },
  {
    "value": "More confidence",
    "synonyms": [
      "More confidence"
    ]
  },
  {
    "value": "More confidence and self defense",
    "synonyms": [
      "More confidence and self defense"
    ]
  },
  {
    "value": "confidence, self defense and discipline",
    "synonyms": [
      "confidence, self defense and discipline"
    ]
  },
  {
    "value": "self-confidence",
    "synonyms": [
      "self-confidence"
    ]
  },
  {
    "value": "confidence and control",
    "synonyms": [
      "confidence and control"
    ]
  },
  {
    "value": "confident, strong, independent",
    "synonyms": [
      "confident, strong, independent"
    ]
  },
  {
    "value": "focus",
    "synonyms": [
      "focus"
    ]
  }
]