[
  {
    "value": "Awesome",
    "synonyms": [
      "Awesome"
    ]
  },
  {
    "value": "self-talk",
    "synonyms": [
      "self-talk"
    ]
  },
  {
    "value": "think good",
    "synonyms": [
      "think good"
    ]
  },
  {
    "value": "proud, successful",
    "synonyms": [
      "proud, successful"
    ]
  },
  {
    "value": "self worth",
    "synonyms": [
      "self worth"
    ]
  },
  {
    "value": "confidence",
    "synonyms": [
      "confidence"
    ]
  },
  {
    "value": "judgement",
    "synonyms": [
      "judgement"
    ]
  },
  {
    "value": "PROUD, SAFE, CONFIDENT",
    "synonyms": [
      "PROUD, SAFE, CONFIDENT"
    ]
  },
  {
    "value": "Pride",
    "synonyms": [
      "Pride"
    ]
  },
  {
    "value": "Good about herself",
    "synonyms": [
      "Good about herself"
    ]
  },
  {
    "value": "proud and happy",
    "synonyms": [
      "proud and happy"
    ]
  },
  {
    "value": "proud",
    "synonyms": [
      "proud"
    ]
  },
  {
    "value": "Amazing",
    "synonyms": [
      "Amazing"
    ]
  },
  {
    "value": "working hard",
    "synonyms": [
      "working hard"
    ]
  },
  {
    "value": "Proud",
    "synonyms": [
      "Proud"
    ]
  },
  {
    "value": "Feel great",
    "synonyms": [
      "Feel great"
    ]
  },
  {
    "value": "improvement \u0026 loves",
    "synonyms": [
      "improvement \u0026 loves"
    ]
  },
  {
    "value": "confident",
    "synonyms": [
      "confident"
    ]
  },
  {
    "value": "feel like the world",
    "synonyms": [
      "feel like the world"
    ]
  },
  {
    "value": "Proud and accomplished",
    "synonyms": [
      "Proud and accomplished"
    ]
  },
  {
    "value": "Fantastic",
    "synonyms": [
      "Fantastic"
    ]
  },
  {
    "value": "Happy and strong",
    "synonyms": [
      "Happy and strong"
    ]
  },
  {
    "value": "learn from those wrong choices",
    "synonyms": [
      "learn from those wrong choices"
    ]
  },
  {
    "value": "Learning and growing",
    "synonyms": [
      "Learning and growing"
    ]
  },
  {
    "value": "Positive and fulfilled",
    "synonyms": [
      "Positive and fulfilled"
    ]
  },
  {
    "value": "achieve success",
    "synonyms": [
      "achieve success"
    ]
  },
  {
    "value": "Goal",
    "synonyms": [
      "Goal"
    ]
  },
  {
    "value": "Self assured",
    "synonyms": [
      "Self assured"
    ]
  }
]