[
  {
    "id": "2debc6f3-9660-4690-a1c9-f4570eb27b12",
    "data": [
      {
        "text": "my child name is ",
        "userDefined": false
      },
      {
        "text": "huzaifa",
        "meta": "@sys.any",
        "alias": "person",
        "userDefined": false
      }
    ],
    "isTemplate": false,
    "count": 0,
    "lang": "en",
    "updated": 0
  },
  {
    "id": "6a416917-20e0-43e4-b763-2ebd35571813",
    "data": [
      {
        "text": "my child name is ",
        "userDefined": false
      },
      {
        "text": "jimmy",
        "meta": "@sys.any",
        "alias": "person",
        "userDefined": false
      }
    ],
    "isTemplate": false,
    "count": 0,
    "lang": "en",
    "updated": 0
  },
  {
    "id": "17dc0141-1c9b-4e63-b18e-f1e6156470fb",
    "data": [
      {
        "text": "jimmy",
        "meta": "@sys.any",
        "alias": "person",
        "userDefined": false
      }
    ],
    "isTemplate": false,
    "count": 0,
    "lang": "en",
    "updated": 0
  },
  {
    "id": "1e7d5d1b-2f51-420f-82b6-13194e3c56ec",
    "data": [
      {
        "text": "anderson",
        "meta": "@sys.any",
        "alias": "person",
        "userDefined": false
      }
    ],
    "isTemplate": false,
    "count": 0,
    "lang": "en",
    "updated": 0
  },
  {
    "id": "0023e91d-b7eb-4d2f-8639-19ed98c0357f",
    "data": [
      {
        "text": "watson",
        "meta": "@sys.any",
        "alias": "person",
        "userDefined": false
      }
    ],
    "isTemplate": false,
    "count": 0,
    "lang": "en",
    "updated": 0
  },
  {
    "id": "c20983b8-7590-4eb2-b0d1-6d9a59f4dd5f",
    "data": [
      {
        "text": "james",
        "meta": "@sys.any",
        "alias": "person",
        "userDefined": false
      }
    ],
    "isTemplate": false,
    "count": 0,
    "lang": "en",
    "updated": 0
  },
  {
    "id": "2c386f82-4694-4ad5-b8e2-0de80e042c83",
    "data": [
      {
        "text": "john",
        "meta": "@sys.any",
        "alias": "person",
        "userDefined": false
      }
    ],
    "isTemplate": false,
    "count": 0,
    "lang": "en",
    "updated": 0
  },
  {
    "id": "11838485-6d13-40b8-8306-a2aa666991fc",
    "data": [
      {
        "text": "my child name is ",
        "userDefined": false
      },
      {
        "text": "ali",
        "meta": "@sys.any",
        "alias": "person",
        "userDefined": false
      }
    ],
    "isTemplate": false,
    "count": 0,
    "lang": "en",
    "updated": 0
  },
  {
    "id": "f07ff4e1-8a27-4e7c-9f6b-114cb85357d2",
    "data": [
      {
        "text": "my child name is ",
        "userDefined": false
      },
      {
        "text": "mastery",
        "meta": "@sys.any",
        "alias": "person",
        "userDefined": true
      }
    ],
    "isTemplate": false,
    "count": 0,
    "lang": "en",
    "updated": 0
  }
]