[
  {
    "id": "bb897fcc-c522-4422-b5d2-e2b81cce08b8",
    "data": [
      {
        "text": "Proud",
        "meta": "@question4",
        "alias": "question4",
        "userDefined": true
      }
    ],
    "isTemplate": false,
    "count": 1,
    "lang": "en",
    "updated": 0
  },
  {
    "id": "baf3d97a-339f-4358-ba88-4a8af692cb3e",
    "data": [
      {
        "text": "Awesome",
        "meta": "@question4",
        "alias": "question4",
        "userDefined": true
      }
    ],
    "isTemplate": false,
    "count": 0,
    "lang": "en",
    "updated": 0
  },
  {
    "id": "81be2f73-3e36-47f6-beae-bb8dd1c59e43",
    "data": [
      {
        "text": "I feel very ",
        "userDefined": false
      },
      {
        "text": "proud and optimistic about their futures",
        "meta": "@question4",
        "alias": "question4",
        "userDefined": true
      },
      {
        "text": ". I believe they will set high goals for themselves and pursue them.",
        "userDefined": false
      }
    ],
    "isTemplate": false,
    "count": 0,
    "lang": "en",
    "updated": 0
  },
  {
    "id": "2f2ede8c-a92b-4df3-a8cc-6a9638c39ec3",
    "data": [
      {
        "text": "Good - this is a ",
        "userDefined": false
      },
      {
        "text": "huge priority",
        "meta": "@question4",
        "alias": "question4",
        "userDefined": true
      },
      {
        "text": " of mine.",
        "userDefined": false
      }
    ],
    "isTemplate": false,
    "count": 0,
    "lang": "en",
    "updated": 0
  },
  {
    "id": "fee77987-1595-4d5d-8505-61fc6249b79f",
    "data": [
      {
        "text": "I ",
        "userDefined": false
      },
      {
        "text": "feel proud of my daughter regardless",
        "meta": "@question4",
        "alias": "question4",
        "userDefined": true
      },
      {
        "text": ". She is amazing, and continues to show the world that she in fact CAN.",
        "userDefined": false
      }
    ],
    "isTemplate": false,
    "count": 1,
    "lang": "en",
    "updated": 0
  },
  {
    "id": "ede1e2d6-421b-4671-967f-19237ac2cf88",
    "data": [
      {
        "text": "I will ",
        "userDefined": false
      },
      {
        "text": "feel extremely happy and will feel confident that my daughter will be able to speak",
        "meta": "@question4",
        "alias": "question4",
        "userDefined": true
      },
      {
        "text": " for herself and have the confidence to navigate her life",
        "userDefined": false
      }
    ],
    "isTemplate": false,
    "count": 0,
    "lang": "en",
    "updated": 0
  },
  {
    "id": "9a662fa3-dcd0-4e12-af5e-9efccb37931c",
    "data": [
      {
        "text": "I will be more at ease knowing she has more of the ",
        "userDefined": false
      },
      {
        "text": "tools to take control of her own life",
        "meta": "@question4",
        "alias": "question4",
        "userDefined": true
      },
      {
        "text": ".",
        "userDefined": false
      }
    ],
    "isTemplate": false,
    "count": 0,
    "lang": "en",
    "updated": 0
  },
  {
    "id": "70af39f6-46e6-413e-9978-a29d9ef26cea",
    "data": [
      {
        "text": "Like I did my part as a parent",
        "meta": "@question4",
        "alias": "question4",
        "userDefined": true
      },
      {
        "text": ".",
        "userDefined": false
      }
    ],
    "isTemplate": false,
    "count": 0,
    "lang": "en",
    "updated": 0
  },
  {
    "id": "a8fd62ab-c84a-45b7-a778-686a957cef2b",
    "data": [
      {
        "text": "PROUD, I AM HOPEFUL TO HAVE MORE PEACE OF MIND IN MY CHILD BEING SAFE AND KNOWING ",
        "userDefined": false
      },
      {
        "text": "HOW TO HANDLE MULTIPLE DIFFERENT SITUATIONS",
        "meta": "@question4",
        "alias": "question4",
        "userDefined": true
      },
      {
        "text": ".",
        "userDefined": false
      }
    ],
    "isTemplate": false,
    "count": 0,
    "lang": "en",
    "updated": 0
  },
  {
    "id": "76f6984e-931c-4aab-bb95-38414bde1ec7",
    "data": [
      {
        "text": "Proud, relieved, happy",
        "meta": "@question4",
        "alias": "question4",
        "userDefined": true
      }
    ],
    "isTemplate": false,
    "count": 0,
    "lang": "en",
    "updated": 0
  },
  {
    "id": "6c7bf7ff-a76c-4545-a008-e203c88ca082",
    "data": [
      {
        "text": "Like we have ",
        "userDefined": false
      },
      {
        "text": "achieved a goal",
        "meta": "@question4",
        "alias": "question4",
        "userDefined": true
      },
      {
        "text": " that is important",
        "userDefined": false
      }
    ],
    "isTemplate": false,
    "count": 1,
    "lang": "en",
    "updated": 0
  },
  {
    "id": "80f26982-cd04-480d-800c-a67063732767",
    "data": [
      {
        "text": "Very ",
        "userDefined": false
      },
      {
        "text": "proud and making the right choice",
        "meta": "@question4",
        "alias": "question4",
        "userDefined": true
      }
    ],
    "isTemplate": false,
    "count": 0,
    "lang": "en",
    "updated": 0
  },
  {
    "id": "9112bb53-6090-41cd-bfc8-c43efb90b6ab",
    "data": [
      {
        "text": "We ",
        "userDefined": false
      },
      {
        "text": "will be so proud",
        "meta": "@question4",
        "alias": "question4",
        "userDefined": true
      },
      {
        "text": "!",
        "userDefined": false
      }
    ],
    "isTemplate": false,
    "count": 1,
    "lang": "en",
    "updated": 0
  },
  {
    "id": "4f6a8c60-6ff2-454a-96d6-6211d7c51947",
    "data": [
      {
        "text": "Very ",
        "userDefined": false
      },
      {
        "text": "proud",
        "meta": "@question4",
        "alias": "question4",
        "userDefined": true
      }
    ],
    "isTemplate": false,
    "count": 0,
    "lang": "en",
    "updated": 0
  },
  {
    "id": "3d358c70-d40d-4606-9dfb-04a1851a488f",
    "data": [
      {
        "text": "Proud",
        "meta": "@question4",
        "alias": "question4",
        "userDefined": true
      },
      {
        "text": " mama",
        "userDefined": false
      }
    ],
    "isTemplate": false,
    "count": 1,
    "lang": "en",
    "updated": 0
  },
  {
    "id": "d64bd9af-4dc0-4082-a3f5-42a025027ff7",
    "data": [
      {
        "text": "Wonderful knowing",
        "meta": "@question4",
        "alias": "question4",
        "userDefined": true
      },
      {
        "text": " we helped him grow to the best of his abilities.",
        "userDefined": false
      }
    ],
    "isTemplate": false,
    "count": 0,
    "lang": "en",
    "updated": 0
  },
  {
    "id": "7e8e3abd-0eb0-4232-85db-d9582925104d",
    "data": [
      {
        "text": "Excited for her",
        "meta": "@question4",
        "alias": "question4",
        "userDefined": true
      },
      {
        "text": ".",
        "userDefined": false
      }
    ],
    "isTemplate": false,
    "count": 0,
    "lang": "en",
    "updated": 0
  },
  {
    "id": "76cf1a16-3ca8-420b-b3c0-f55dff984fe5",
    "data": [
      {
        "text": "Happy",
        "meta": "@question4",
        "alias": "question4",
        "userDefined": true
      }
    ],
    "isTemplate": false,
    "count": 0,
    "lang": "en",
    "updated": 0
  },
  {
    "id": "5cced011-6d16-44f0-bac3-ad7b20b6c404",
    "data": [
      {
        "text": "Proud, happy, content, many things",
        "meta": "@question4",
        "alias": "question4",
        "userDefined": true
      }
    ],
    "isTemplate": false,
    "count": 0,
    "lang": "en",
    "updated": 0
  },
  {
    "id": "8f01df25-366a-4c28-bcd6-df6dd5a9a9c5",
    "data": [
      {
        "text": "I will be very ",
        "userDefined": false
      },
      {
        "text": "happy for her",
        "meta": "@question4",
        "alias": "question4",
        "userDefined": true
      },
      {
        "text": "!",
        "userDefined": false
      }
    ],
    "isTemplate": false,
    "count": 0,
    "lang": "en",
    "updated": 0
  },
  {
    "id": "99c81b17-8925-4232-a94a-9468bc3770b5",
    "data": [
      {
        "text": "I will ",
        "userDefined": false
      },
      {
        "text": "feel very proud and happy",
        "meta": "@question4",
        "alias": "question4",
        "userDefined": true
      },
      {
        "text": " because my child has gotten over a fear of communicating with others.",
        "userDefined": false
      }
    ],
    "isTemplate": false,
    "count": 1,
    "lang": "en",
    "updated": 0
  },
  {
    "id": "3aa1fc26-1941-4c2e-b8f4-dc513cd50f16",
    "data": [
      {
        "text": "I would feel like all the ",
        "userDefined": false
      },
      {
        "text": "time and effort",
        "meta": "@question4",
        "alias": "question4",
        "userDefined": true
      },
      {
        "text": " both him and I put into this will all be worth it",
        "userDefined": false
      }
    ],
    "isTemplate": false,
    "count": 0,
    "lang": "en",
    "updated": 0
  },
  {
    "id": "d8eb362d-095f-4941-a773-e5d2b4f14d66",
    "data": [
      {
        "text": "Happy knowing they have ",
        "userDefined": false
      },
      {
        "text": "more skills to be capable adults",
        "meta": "@question4",
        "alias": "question4",
        "userDefined": true
      },
      {
        "text": " ",
        "userDefined": false
      },
      {
        "text": "one day",
        "meta": "@sys.duration",
        "alias": "duration",
        "userDefined": false
      }
    ],
    "isTemplate": false,
    "count": 0,
    "lang": "en",
    "updated": 0
  },
  {
    "id": "66f04c2c-cec0-41bf-ae05-4f4c80fdb9b6",
    "data": [
      {
        "text": "I will feel extremely happy for him and hope that he ",
        "userDefined": false
      },
      {
        "text": "understands that accomplishing these traits",
        "meta": "@question4",
        "alias": "question4",
        "userDefined": true
      },
      {
        "text": " is work in progress",
        "userDefined": false
      }
    ],
    "isTemplate": false,
    "count": 1,
    "lang": "en",
    "updated": 0
  },
  {
    "id": "4bf4eb16-7fb0-41e8-9f18-89b1cc50164f",
    "data": [
      {
        "text": "I did my ",
        "userDefined": false
      },
      {
        "text": "job",
        "meta": "@question4",
        "alias": "question4",
        "userDefined": true
      },
      {
        "text": " as a ",
        "userDefined": false
      },
      {
        "text": "Mom",
        "meta": "@sys.person",
        "alias": "person",
        "userDefined": false
      }
    ],
    "isTemplate": false,
    "count": 0,
    "lang": "en",
    "updated": 0
  },
  {
    "id": "d0e7db17-0db8-447a-bde8-38fbf575cb8d",
    "data": [
      {
        "text": "Proud",
        "meta": "@question4",
        "alias": "question4",
        "userDefined": true
      },
      {
        "text": " of my son",
        "userDefined": false
      }
    ],
    "isTemplate": false,
    "count": 0,
    "lang": "en",
    "updated": 0
  },
  {
    "id": "de81526b-5157-4cb1-8dd1-55cb59d934d1",
    "data": [
      {
        "text": "We\u0027ll ",
        "userDefined": false
      },
      {
        "text": "be very happy",
        "meta": "@question4",
        "alias": "question4",
        "userDefined": true
      }
    ],
    "isTemplate": false,
    "count": 0,
    "lang": "en",
    "updated": 0
  },
  {
    "id": "df6b1ebe-aacf-4036-af7a-3af825bf207c",
    "data": [
      {
        "text": "Proud and confident",
        "meta": "@question4",
        "alias": "question4",
        "userDefined": true
      },
      {
        "text": " in his daily and life time choices",
        "userDefined": false
      }
    ],
    "isTemplate": false,
    "count": 0,
    "lang": "en",
    "updated": 0
  },
  {
    "id": "182acb40-bc60-414a-96d6-f6b7a7eec1fa",
    "data": [
      {
        "text": "Like there is ",
        "userDefined": false
      },
      {
        "text": "more work to be done",
        "meta": "@question4",
        "alias": "question4",
        "userDefined": true
      },
      {
        "text": ".",
        "userDefined": false
      }
    ],
    "isTemplate": false,
    "count": 0,
    "lang": "en",
    "updated": 0
  },
  {
    "id": "c7a7eb74-cac1-4336-ab75-03d7c5a93960",
    "data": [
      {
        "text": "We will feel like we are ",
        "userDefined": false
      },
      {
        "text": "succeeding as parents",
        "meta": "@question4",
        "alias": "question4",
        "userDefined": true
      },
      {
        "text": "!",
        "userDefined": false
      }
    ],
    "isTemplate": false,
    "count": 0,
    "lang": "en",
    "updated": 0
  },
  {
    "id": "bd78aca8-f1d4-431b-9dc5-9dfa259a16d9",
    "data": [
      {
        "text": "I will be ",
        "userDefined": false
      },
      {
        "text": "one",
        "meta": "@sys.number",
        "alias": "number",
        "userDefined": false
      },
      {
        "text": " VERY proud parent! I will be able to look back on my ",
        "userDefined": false
      },
      {
        "text": "decisions and feel confident",
        "meta": "@question4",
        "alias": "question4",
        "userDefined": true
      },
      {
        "text": " that I made the right one in regards to Mastery.",
        "userDefined": false
      }
    ],
    "isTemplate": false,
    "count": 0,
    "lang": "en",
    "updated": 0
  },
  {
    "id": "8c0e7683-3e4c-4f94-b442-af17b30e5cc8",
    "data": [
      {
        "text": "Poorer, but ",
        "userDefined": false
      },
      {
        "text": "money",
        "meta": "@question4",
        "alias": "question4",
        "userDefined": true
      },
      {
        "text": " hopefully well spent",
        "userDefined": false
      }
    ],
    "isTemplate": false,
    "count": 0,
    "lang": "en",
    "updated": 0
  },
  {
    "id": "c52bb6ce-8079-4934-bcf4-e3318e47bbbc",
    "data": [
      {
        "text": "Fantastic",
        "meta": "@question4",
        "alias": "question4",
        "userDefined": true
      }
    ],
    "isTemplate": false,
    "count": 0,
    "lang": "en",
    "updated": 0
  }
]