[
  {
    "id": "802baea4-5bf2-49ab-809f-05a75472b719",
    "data": [
      {
        "text": "Awesome",
        "meta": "@question3",
        "alias": "question3",
        "userDefined": true
      }
    ],
    "isTemplate": false,
    "count": 0,
    "lang": "en",
    "updated": 0
  },
  {
    "id": "783f18b2-2d70-4ef5-ac3b-a8d936a23fc7",
    "data": [
      {
        "text": "The \"yes I can\" attitude is becoming very automatic for them. The ",
        "userDefined": false
      },
      {
        "text": "self-talk",
        "meta": "@question3",
        "alias": "question3",
        "userDefined": true
      },
      {
        "text": " is working!",
        "userDefined": false
      }
    ],
    "isTemplate": false,
    "count": 0,
    "lang": "en",
    "updated": 0
  },
  {
    "id": "23266f7d-4e52-466e-8456-e9cb636adf8b",
    "data": [
      {
        "text": "I ",
        "userDefined": false
      },
      {
        "text": "think good",
        "meta": "@question3",
        "alias": "question3",
        "userDefined": true
      },
      {
        "text": "!",
        "userDefined": false
      }
    ],
    "isTemplate": false,
    "count": 0,
    "lang": "en",
    "updated": 0
  },
  {
    "id": "3c0ac49a-1f41-4ebf-b238-8456d43678e6",
    "data": [
      {
        "text": "proud, successful",
        "meta": "@question3",
        "alias": "question3",
        "userDefined": true
      }
    ],
    "isTemplate": false,
    "count": 0,
    "lang": "en",
    "updated": 0
  },
  {
    "id": "5a07c080-4b6a-4e92-8a74-ee68e2fb7b3d",
    "data": [
      {
        "text": "I feel she will have greater self esteem and more ",
        "userDefined": false
      },
      {
        "text": "self worth",
        "meta": "@question3",
        "alias": "question3",
        "userDefined": true
      },
      {
        "text": ".",
        "userDefined": false
      }
    ],
    "isTemplate": false,
    "count": 0,
    "lang": "en",
    "updated": 0
  },
  {
    "id": "b49a6617-4826-4379-b7ad-24a2f14b0e0f",
    "data": [
      {
        "text": "I believe my daughter will have a ",
        "userDefined": false
      },
      {
        "text": "confidence",
        "meta": "@question3",
        "alias": "question3",
        "userDefined": true
      },
      {
        "text": " and feel free to express herself with others(besides myself and her father) without fear",
        "userDefined": false
      }
    ],
    "isTemplate": false,
    "count": 0,
    "lang": "en",
    "updated": 0
  },
  {
    "id": "b2c0c60f-20d5-4ad2-9008-c6a99e16d00a",
    "data": [
      {
        "text": "My hope is she will find happiness in her own self and not need to rely on the ",
        "userDefined": false
      },
      {
        "text": "judgement",
        "meta": "@question3",
        "alias": "question3",
        "userDefined": true
      },
      {
        "text": " or approval of others.",
        "userDefined": false
      }
    ],
    "isTemplate": false,
    "count": 0,
    "lang": "en",
    "updated": 0
  },
  {
    "id": "8697054a-9ab5-437d-ab2f-71352e5274a6",
    "data": [
      {
        "text": "They will know learning never stops and ",
        "userDefined": false
      },
      {
        "text": "confidence",
        "meta": "@question3",
        "alias": "question3",
        "userDefined": true
      },
      {
        "text": " helps when life gets tough.",
        "userDefined": false
      }
    ],
    "isTemplate": false,
    "count": 1,
    "lang": "en",
    "updated": 0
  },
  {
    "id": "755a7eef-bb32-46fe-9ead-71a02cc8a898",
    "data": [
      {
        "text": "PROUD, SAFE, CONFIDENT",
        "meta": "@question3",
        "alias": "question3",
        "userDefined": true
      }
    ],
    "isTemplate": false,
    "count": 0,
    "lang": "en",
    "updated": 0
  },
  {
    "id": "a94696f1-09d3-4e26-9c21-4255e4befa5d",
    "data": [
      {
        "text": "Pride",
        "meta": "@question3",
        "alias": "question3",
        "userDefined": true
      }
    ],
    "isTemplate": false,
    "count": 0,
    "lang": "en",
    "updated": 0
  },
  {
    "id": "98140750-b961-400a-8f08-0151815a1fcb",
    "data": [
      {
        "text": "Good about herself",
        "meta": "@question3",
        "alias": "question3",
        "userDefined": true
      }
    ],
    "isTemplate": false,
    "count": 0,
    "lang": "en",
    "updated": 0
  },
  {
    "id": "2b4ad318-c5f3-40df-b862-f4d9e49010fd",
    "data": [
      {
        "text": "Hopefully ",
        "userDefined": false
      },
      {
        "text": "proud and happy",
        "meta": "@question3",
        "alias": "question3",
        "userDefined": true
      }
    ],
    "isTemplate": false,
    "count": 0,
    "lang": "en",
    "updated": 0
  },
  {
    "id": "fa994b97-67b6-41ac-8e2d-1efddf74bd5a",
    "data": [
      {
        "text": "They will be ",
        "userDefined": false
      },
      {
        "text": "proud",
        "meta": "@question3",
        "alias": "question3",
        "userDefined": true
      }
    ],
    "isTemplate": false,
    "count": 0,
    "lang": "en",
    "updated": 0
  },
  {
    "id": "54015775-7e5e-4800-a1a8-cced1cb29f1d",
    "data": [
      {
        "text": "Amazing",
        "meta": "@question3",
        "alias": "question3",
        "userDefined": true
      }
    ],
    "isTemplate": false,
    "count": 0,
    "lang": "en",
    "updated": 0
  },
  {
    "id": "0001803a-fa12-4201-8922-f781fea0b514",
    "data": [
      {
        "text": "He feels so very ",
        "userDefined": false
      },
      {
        "text": "proud",
        "meta": "@question3",
        "alias": "question3",
        "userDefined": true
      },
      {
        "text": " of himself now that he is doing so well in school. And now knows he can do it once he buys his mind to it. \n This is all possible due to him being in the Mastery program  it is the best  you can do for your child",
        "userDefined": false
      }
    ],
    "isTemplate": false,
    "count": 0,
    "lang": "en",
    "updated": 0
  },
  {
    "id": "cbf46b94-6172-446d-9bf8-de28ebd4e859",
    "data": [
      {
        "text": "I hope pros and accomplished with an aim to continue ",
        "userDefined": false
      },
      {
        "text": "working hard",
        "meta": "@question3",
        "alias": "question3",
        "userDefined": true
      },
      {
        "text": " despite obstacles",
        "userDefined": false
      }
    ],
    "isTemplate": false,
    "count": 0,
    "lang": "en",
    "updated": 0
  },
  {
    "id": "d7ddacd9-9786-46cc-a062-884352bc652c",
    "data": [
      {
        "text": "Proud",
        "meta": "@question3",
        "alias": "question3",
        "userDefined": true
      }
    ],
    "isTemplate": false,
    "count": 1,
    "lang": "en",
    "updated": 0
  },
  {
    "id": "86c0ac41-843a-45e4-a4f9-4650db2bbd2a",
    "data": [
      {
        "text": "Feel great",
        "meta": "@question3",
        "alias": "question3",
        "userDefined": true
      },
      {
        "text": "! He enjoys karate at Mastery.",
        "userDefined": false
      }
    ],
    "isTemplate": false,
    "count": 0,
    "lang": "en",
    "updated": 0
  },
  {
    "id": "26e54ec8-f403-47cb-b9fa-ea24806b9f5e",
    "data": [
      {
        "text": "I think ",
        "userDefined": false
      },
      {
        "text": "proud",
        "meta": "@question3",
        "alias": "question3",
        "userDefined": true
      }
    ],
    "isTemplate": false,
    "count": 0,
    "lang": "en",
    "updated": 0
  },
  {
    "id": "8135d8b9-7d87-4a22-85bd-fc99fe6936dc",
    "data": [
      {
        "text": "She will be ",
        "userDefined": false
      },
      {
        "text": "proud",
        "meta": "@question3",
        "alias": "question3",
        "userDefined": true
      },
      {
        "text": " of herself.",
        "userDefined": false
      }
    ],
    "isTemplate": false,
    "count": 0,
    "lang": "en",
    "updated": 0
  },
  {
    "id": "5c354b22-e409-499c-8d1f-dc728675ff98",
    "data": [
      {
        "text": "Amazing!!!",
        "userDefined": false
      }
    ],
    "isTemplate": false,
    "count": 0,
    "lang": "en",
    "updated": 0
  },
  {
    "id": "536b6b2c-55d2-42f3-a268-786a75817687",
    "data": [
      {
        "text": "She is already showing some ",
        "userDefined": false
      },
      {
        "text": "improvement \u0026 loves",
        "meta": "@question3",
        "alias": "question3",
        "userDefined": true
      },
      {
        "text": " going to Karate!",
        "userDefined": false
      }
    ],
    "isTemplate": false,
    "count": 0,
    "lang": "en",
    "updated": 0
  },
  {
    "id": "a6c9488e-b2ff-443b-b2b4-4a9e98c1ab53",
    "data": [
      {
        "text": "They will feel brave and more ",
        "userDefined": false
      },
      {
        "text": "confident",
        "meta": "@question3",
        "alias": "question3",
        "userDefined": true
      },
      {
        "text": " in finding help if they need it",
        "userDefined": false
      }
    ],
    "isTemplate": false,
    "count": 0,
    "lang": "en",
    "updated": 0
  },
  {
    "id": "207ad5d8-9094-46bd-a1d7-1e35cf69d773",
    "data": [
      {
        "text": "He will ",
        "userDefined": false
      },
      {
        "text": "feel like the world",
        "meta": "@question3",
        "alias": "question3",
        "userDefined": true
      },
      {
        "text": " is not coming down on him",
        "userDefined": false
      }
    ],
    "isTemplate": false,
    "count": 0,
    "lang": "en",
    "updated": 0
  },
  {
    "id": "006d39b4-02d8-4830-b1a2-4a665f2deede",
    "data": [
      {
        "text": "Proud and accomplished",
        "meta": "@question3",
        "alias": "question3",
        "userDefined": true
      }
    ],
    "isTemplate": false,
    "count": 0,
    "lang": "en",
    "updated": 0
  },
  {
    "id": "c15e9a62-82a9-46ed-978a-4359578eaa1e",
    "data": [
      {
        "text": "The boy will feel very ",
        "userDefined": false
      },
      {
        "text": "proud",
        "meta": "@question3",
        "alias": "question3",
        "userDefined": true
      },
      {
        "text": " of himself and will understand it will always be work in progress as his life changes  through the years",
        "userDefined": false
      }
    ],
    "isTemplate": false,
    "count": 0,
    "lang": "en",
    "updated": 0
  },
  {
    "id": "444cc799-ff03-46c4-bce6-2e4fdfe09408",
    "data": [
      {
        "text": "Fantastic",
        "meta": "@question3",
        "alias": "question3",
        "userDefined": true
      }
    ],
    "isTemplate": false,
    "count": 0,
    "lang": "en",
    "updated": 0
  },
  {
    "id": "fe4d0c45-c0a5-4e92-888b-833ff383e12e",
    "data": [
      {
        "text": "Happy and strong",
        "meta": "@question3",
        "alias": "question3",
        "userDefined": true
      }
    ],
    "isTemplate": false,
    "count": 0,
    "lang": "en",
    "updated": 0
  },
  {
    "id": "145613d4-21ce-4e0a-b504-70590b29ecf5",
    "data": [
      {
        "text": "We\u0027re hoping he will ",
        "userDefined": false
      },
      {
        "text": "learn from those wrong choices",
        "meta": "@question3",
        "alias": "question3",
        "userDefined": true
      },
      {
        "text": " and not put himself down.",
        "userDefined": false
      }
    ],
    "isTemplate": false,
    "count": 0,
    "lang": "en",
    "updated": 0
  },
  {
    "id": "e1ab0022-7183-43d6-9260-a5b95d2fce17",
    "data": [
      {
        "text": "I am sure very good and ",
        "userDefined": false
      },
      {
        "text": "proud",
        "meta": "@question3",
        "alias": "question3",
        "userDefined": true
      },
      {
        "text": " of himself",
        "userDefined": false
      }
    ],
    "isTemplate": false,
    "count": 0,
    "lang": "en",
    "updated": 0
  },
  {
    "id": "9f30fc22-5de8-485d-900f-0ef74b50c521",
    "data": [
      {
        "text": "Its not the result its the ride. ",
        "userDefined": false
      },
      {
        "text": "Learning and growing",
        "meta": "@question3",
        "alias": "question3",
        "userDefined": true
      },
      {
        "text": " never stops.  Its important to celebrate the progress.",
        "userDefined": false
      }
    ],
    "isTemplate": false,
    "count": 0,
    "lang": "en",
    "updated": 0
  },
  {
    "id": "91661142-94d3-430b-b684-d132dfe6f501",
    "data": [
      {
        "text": "Positive and fulfilled",
        "meta": "@question3",
        "alias": "question3",
        "userDefined": true
      },
      {
        "text": "!",
        "userDefined": false
      }
    ],
    "isTemplate": false,
    "count": 0,
    "lang": "en",
    "updated": 0
  },
  {
    "id": "20f85c12-235f-48f3-ab43-10862e2e85af",
    "data": [
      {
        "text": "It is my hope that they will be both thankful and grateful that we provided them with opportunities such as Mastery, and they will ",
        "userDefined": false
      },
      {
        "text": "one day",
        "meta": "@sys.duration",
        "alias": "duration",
        "userDefined": false
      },
      {
        "text": " look back and be able to understand and appreciate the hard work that they are applying NOW in order to ",
        "userDefined": false
      },
      {
        "text": "achieve success",
        "meta": "@question3",
        "alias": "question3",
        "userDefined": true
      },
      {
        "text": " in the future.",
        "userDefined": false
      }
    ],
    "isTemplate": false,
    "count": 0,
    "lang": "en",
    "updated": 0
  },
  {
    "id": "2b0f0f87-1c4a-4ea8-b94f-025aa00e76cb",
    "data": [
      {
        "text": "Goal reached. ",
        "userDefined": false
      },
      {
        "text": "Goal",
        "meta": "@question3",
        "alias": "question3",
        "userDefined": true
      },
      {
        "text": " and beyond",
        "userDefined": false
      }
    ],
    "isTemplate": false,
    "count": 0,
    "lang": "en",
    "updated": 0
  },
  {
    "id": "31e2a295-ca83-4515-9980-119672617c0c",
    "data": [
      {
        "text": "Self assured",
        "meta": "@question3",
        "alias": "question3",
        "userDefined": true
      }
    ],
    "isTemplate": false,
    "count": 0,
    "lang": "en",
    "updated": 0
  }
]