[
  {
    "value": "protect himself",
    "synonyms": [
      "protect himself"
    ]
  },
  {
    "value": "who are both highly sensitive and very perceptive",
    "synonyms": [
      "who are both highly sensitive and very perceptive"
    ]
  },
  {
    "value": "to do better and gets frustrated",
    "synonyms": [
      "to do better and gets frustrated"
    ]
  },
  {
    "value": "child to be assertive and bold as well as a good listener and respectful",
    "synonyms": [
      "child to be assertive and bold as well as a good listener and respectful"
    ]
  },
  {
    "value": "question",
    "synonyms": [
      "question"
    ]
  },
  {
    "value": "voice and be confident and bold in conversation, relationships and decision making",
    "synonyms": [
      "voice and be confident and bold in conversation, relationships and decision making"
    ]
  },
  {
    "value": "social, school, or professional situation, and capable",
    "synonyms": [
      "social, school, or professional situation, and capable"
    ]
  },
  {
    "value": "how to talk/work with others",
    "synonyms": [
      "how to talk/work with others"
    ]
  },
  {
    "value": "necessary tools, confidence to be able to live in it",
    "synonyms": [
      "necessary tools, confidence to be able to live in it"
    ]
  },
  {
    "value": "patience and discipline  to help him in his social environments",
    "synonyms": [
      "patience and discipline  to help him in his social environments"
    ]
  },
  {
    "value": "school and socially",
    "synonyms": [
      "school and socially"
    ]
  },
  {
    "value": "become a leader in society and become the best version",
    "synonyms": [
      "become a leader in society and become the best version"
    ]
  },
  {
    "value": "confident in his abilities and decisions as he gets older",
    "synonyms": [
      "confident in his abilities and decisions as he gets older"
    ]
  },
  {
    "value": "believe in himself",
    "synonyms": [
      "believe in himself"
    ]
  },
  {
    "value": "self control respect",
    "synonyms": [
      "self control respect"
    ]
  },
  {
    "value": "to work hard to get what they want",
    "synonyms": [
      "to work hard to get what they want"
    ]
  },
  {
    "value": "To be a successful, productive young adult",
    "synonyms": [
      "To be a successful, productive young adult"
    ]
  },
  {
    "value": "needs some improvement",
    "synonyms": [
      "needs some improvement"
    ]
  },
  {
    "value": "Challenging to get her to focus",
    "synonyms": [
      "Challenging to get her to focus"
    ]
  },
  {
    "value": "attitude towards goal setting and commitment",
    "synonyms": [
      "attitude towards goal setting and commitment"
    ]
  },
  {
    "value": "Safety and self esteem",
    "synonyms": [
      "Safety and self esteem"
    ]
  },
  {
    "value": "to be more confident",
    "synonyms": [
      "to be more confident"
    ]
  },
  {
    "value": "communicate effectively with other adults and children",
    "synonyms": [
      "communicate effectively with other adults and children"
    ]
  },
  {
    "value": "stand up for himself",
    "synonyms": [
      "stand up for himself"
    ]
  },
  {
    "value": "having discipline and routine helps her regulate herself",
    "synonyms": [
      "having discipline and routine helps her regulate herself"
    ]
  },
  {
    "value": "Learning these character traits will help him for his entire life",
    "synonyms": [
      "Learning these character traits will help him for his entire life"
    ]
  },
  {
    "value": "the best person he can be",
    "synonyms": [
      "the best person he can be"
    ]
  },
  {
    "value": "Learning to never give up to succeed in life",
    "synonyms": [
      "Learning to never give up to succeed in life"
    ]
  },
  {
    "value": "He is small for his age and easily distracted",
    "synonyms": [
      "He is small for his age and easily distracted"
    ]
  },
  {
    "value": "put himself down when he makes wrong choices",
    "synonyms": [
      "put himself down when he makes wrong choices"
    ]
  },
  {
    "value": "life skills and development such as confidence, integrity, team work",
    "synonyms": [
      "life skills and development such as confidence, integrity, team work"
    ]
  },
  {
    "value": "basic skills that are essential to growing up",
    "synonyms": [
      "basic skills that are essential to growing up"
    ]
  },
  {
    "value": "confidence he needs to be his best self out in the world",
    "synonyms": [
      "confidence he needs to be his best self out in the world"
    ]
  },
  {
    "value": "they need to be able to handle whatever life throws at them",
    "synonyms": [
      "they need to be able to handle whatever life throws at them"
    ]
  },
  {
    "value": "As it is probably the same for most parents",
    "synonyms": [
      "As it is probably the same for most parents"
    ]
  },
  {
    "value": "shy and introverted and gets nervous around others may doubt themselves",
    "synonyms": [
      "shy and introverted and gets nervous around others may doubt themselves"
    ]
  }
]