[
  {
    "value": "Proud",
    "synonyms": [
      "Proud"
    ]
  },
  {
    "value": "Awesome",
    "synonyms": [
      "Awesome"
    ]
  },
  {
    "value": "proud and optimistic about their futures",
    "synonyms": [
      "proud and optimistic about their futures"
    ]
  },
  {
    "value": "huge priority",
    "synonyms": [
      "huge priority"
    ]
  },
  {
    "value": "feel proud of my daughter regardless",
    "synonyms": [
      "feel proud of my daughter regardless"
    ]
  },
  {
    "value": "feel extremely happy and will feel confident that my daughter will be able to speak",
    "synonyms": [
      "feel extremely happy and will feel confident that my daughter will be able to speak"
    ]
  },
  {
    "value": "tools to take control of her own life",
    "synonyms": [
      "tools to take control of her own life"
    ]
  },
  {
    "value": "Like I did my part as a parent",
    "synonyms": [
      "Like I did my part as a parent"
    ]
  },
  {
    "value": "HOW TO HANDLE MULTIPLE DIFFERENT SITUATIONS",
    "synonyms": [
      "HOW TO HANDLE MULTIPLE DIFFERENT SITUATIONS"
    ]
  },
  {
    "value": "Proud, relieved, happy",
    "synonyms": [
      "Proud, relieved, happy"
    ]
  },
  {
    "value": "achieved a goal",
    "synonyms": [
      "achieved a goal"
    ]
  },
  {
    "value": "proud and making the right choice",
    "synonyms": [
      "proud and making the right choice"
    ]
  },
  {
    "value": "will be so proud",
    "synonyms": [
      "will be so proud"
    ]
  },
  {
    "value": "proud",
    "synonyms": [
      "proud"
    ]
  },
  {
    "value": "Wonderful knowing",
    "synonyms": [
      "Wonderful knowing"
    ]
  },
  {
    "value": "Excited for her",
    "synonyms": [
      "Excited for her"
    ]
  },
  {
    "value": "Happy",
    "synonyms": [
      "Happy"
    ]
  },
  {
    "value": "Proud, happy, content, many things",
    "synonyms": [
      "Proud, happy, content, many things"
    ]
  },
  {
    "value": "happy for her",
    "synonyms": [
      "happy for her"
    ]
  },
  {
    "value": "feel very proud and happy",
    "synonyms": [
      "feel very proud and happy"
    ]
  },
  {
    "value": "time and effort",
    "synonyms": [
      "time and effort"
    ]
  },
  {
    "value": "more skills to be capable adults",
    "synonyms": [
      "more skills to be capable adults"
    ]
  },
  {
    "value": "understands that accomplishing these traits",
    "synonyms": [
      "understands that accomplishing these traits"
    ]
  },
  {
    "value": "job",
    "synonyms": [
      "job"
    ]
  },
  {
    "value": "be very happy",
    "synonyms": [
      "be very happy"
    ]
  },
  {
    "value": "Proud and confident",
    "synonyms": [
      "Proud and confident"
    ]
  },
  {
    "value": "more work to be done",
    "synonyms": [
      "more work to be done"
    ]
  },
  {
    "value": "succeeding as parents",
    "synonyms": [
      "succeeding as parents"
    ]
  },
  {
    "value": "decisions and feel confident",
    "synonyms": [
      "decisions and feel confident"
    ]
  },
  {
    "value": "money",
    "synonyms": [
      "money"
    ]
  },
  {
    "value": "Fantastic",
    "synonyms": [
      "Fantastic"
    ]
  }
]