[
  {
    "id": "508f0381-98cb-445f-be99-9659e5445a4a",
    "data": [
      {
        "text": "Mastery Martial Arts has already done amazing  with my nephew. He has more force  in school and out of school. ",
        "userDefined": false
      },
      {
        "text": "Self control",
        "meta": "@question1",
        "alias": "question1",
        "userDefined": true
      }
    ],
    "isTemplate": false,
    "count": 1,
    "lang": "en",
    "updated": 0
  },
  {
    "id": "8bd58af5-87e9-40a2-8a99-f09a335e2976",
    "data": [
      {
        "text": "Learn to build ",
        "userDefined": false
      },
      {
        "text": "confidence and social skills",
        "meta": "@question1",
        "alias": "question1",
        "userDefined": true
      }
    ],
    "isTemplate": false,
    "count": 0,
    "lang": "en",
    "updated": 0
  },
  {
    "id": "7ba0223a-62f9-470c-8f65-dd2b80ca7790",
    "data": [
      {
        "text": "Learn ",
        "userDefined": false
      },
      {
        "text": "discipline, respect, patience",
        "meta": "@question1",
        "alias": "question1",
        "userDefined": true
      },
      {
        "text": " and how to be a leader. Interacting with their community and confidence in life",
        "userDefined": false
      }
    ],
    "isTemplate": false,
    "count": 0,
    "lang": "en",
    "updated": 0
  },
  {
    "id": "2eb8ce31-cf93-487e-b64a-dfeb2c0d02ea",
    "data": [
      {
        "text": "Leadership, structure, discipline, goal setting and teamwork",
        "meta": "@question1",
        "alias": "question1",
        "userDefined": true
      },
      {
        "text": ".",
        "userDefined": false
      }
    ],
    "isTemplate": false,
    "count": 0,
    "lang": "en",
    "updated": 0
  },
  {
    "id": "d4f1e7c2-40ab-466c-9bc7-617a63e8a7c9",
    "data": [
      {
        "text": "Instill ",
        "userDefined": false
      },
      {
        "text": "patience, discipline, control, mental toughness",
        "meta": "@question1",
        "alias": "question1",
        "userDefined": true
      }
    ],
    "isTemplate": false,
    "count": 0,
    "lang": "en",
    "updated": 0
  },
  {
    "id": "87060eb7-6373-49cd-a223-4be60a8be32f",
    "data": [
      {
        "text": "Increase their ",
        "userDefined": false
      },
      {
        "text": "self confidence",
        "meta": "@question1",
        "alias": "question1",
        "userDefined": true
      }
    ],
    "isTemplate": false,
    "count": 0,
    "lang": "en",
    "updated": 0
  },
  {
    "id": "e64eadc8-ac51-475a-a673-e71764aee46b",
    "data": [
      {
        "text": "Improve ",
        "userDefined": false
      },
      {
        "text": "focus, listening skills, and confidence",
        "meta": "@question1",
        "alias": "question1",
        "userDefined": true
      }
    ],
    "isTemplate": false,
    "count": 0,
    "lang": "en",
    "updated": 0
  },
  {
    "id": "188a167a-25d0-4d12-824e-38b2fabc1df6",
    "data": [
      {
        "text": "I am hoping that mastery martial arts will help instill ",
        "userDefined": false
      },
      {
        "text": "resilience and confidence",
        "meta": "@question1",
        "alias": "question1",
        "userDefined": true
      },
      {
        "text": " in my children.",
        "userDefined": false
      }
    ],
    "isTemplate": false,
    "count": 0,
    "lang": "en",
    "updated": 0
  },
  {
    "id": "5275cca3-399f-4449-8a2b-c82608fd1640",
    "data": [
      {
        "text": "Help with ",
        "userDefined": false
      },
      {
        "text": "self confidence, teach leadership",
        "meta": "@question1",
        "alias": "question1",
        "userDefined": true
      },
      {
        "text": ", and the importance of integrity",
        "userDefined": false
      }
    ],
    "isTemplate": false,
    "count": 0,
    "lang": "en",
    "updated": 0
  },
  {
    "id": "217da527-28f7-445e-98ea-8fe6e139a68f",
    "data": [
      {
        "text": "Help with ",
        "userDefined": false
      },
      {
        "text": "focus, concentration, and discipline",
        "meta": "@question1",
        "alias": "question1",
        "userDefined": true
      },
      {
        "text": ". Work on frustration tolerance.",
        "userDefined": false
      }
    ],
    "isTemplate": false,
    "count": 0,
    "lang": "en",
    "updated": 0
  },
  {
    "id": "e03c8fb8-885c-438b-b33e-70d44310f2b9",
    "data": [
      {
        "text": "Help our child with his ",
        "userDefined": false
      },
      {
        "text": "self esteem and discipline",
        "meta": "@question1",
        "alias": "question1",
        "userDefined": true
      },
      {
        "text": " and to encourage him to be a better person daily",
        "userDefined": false
      }
    ],
    "isTemplate": false,
    "count": 0,
    "lang": "en",
    "updated": 0
  },
  {
    "id": "93ddf8c6-9d70-47f1-9a4a-2427aa2f2019",
    "data": [
      {
        "text": "Help develop his all around ",
        "userDefined": false
      },
      {
        "text": "Sense of being a young man",
        "meta": "@question1",
        "alias": "question1",
        "userDefined": true
      },
      {
        "text": ".",
        "userDefined": false
      }
    ],
    "isTemplate": false,
    "count": 0,
    "lang": "en",
    "updated": 0
  },
  {
    "id": "2e17054b-5574-4681-9f95-f3b38ec6a3f5",
    "data": [
      {
        "text": "Help build ",
        "userDefined": false
      },
      {
        "text": "self-confidence and discipline",
        "meta": "@question1",
        "alias": "question1",
        "userDefined": true
      }
    ],
    "isTemplate": false,
    "count": 0,
    "lang": "en",
    "updated": 0
  },
  {
    "id": "d9c69d2f-ba7e-4cf7-95b8-b30862b6eae2",
    "data": [
      {
        "text": "Give my son ",
        "userDefined": false
      },
      {
        "text": "confidence",
        "meta": "@question1",
        "alias": "question1",
        "userDefined": true
      }
    ],
    "isTemplate": false,
    "count": 0,
    "lang": "en",
    "updated": 0
  },
  {
    "id": "5771a2e4-9d8a-4e88-ad58-b8a3607863eb",
    "data": [
      {
        "text": "Give him ",
        "userDefined": false
      },
      {
        "text": "confidence",
        "meta": "@question1",
        "alias": "question1",
        "userDefined": true
      },
      {
        "text": ", build his coordination and ",
        "userDefined": false
      },
      {
        "text": "strength",
        "meta": "@question1",
        "alias": "question1",
        "userDefined": true
      },
      {
        "text": ". What I didn\u0027t realize when I signed him up for karate that Mr. West was going to be such a great role model",
        "userDefined": false
      }
    ],
    "isTemplate": false,
    "count": 0,
    "lang": "en",
    "updated": 0
  },
  {
    "id": "f113238e-99d8-4185-ab87-780a483e43ee",
    "data": [
      {
        "text": "Focus on her goals. Break them down to help accomplish what\u0027s in front of her instead of fearing the big picture. \n    ",
        "userDefined": false
      },
      {
        "text": "Personal respect and responsibility",
        "meta": "@question1",
        "alias": "question1",
        "userDefined": true
      },
      {
        "text": ".",
        "userDefined": false
      }
    ],
    "isTemplate": false,
    "count": 0,
    "lang": "en",
    "updated": 0
  },
  {
    "id": "8f35159e-2733-4283-976a-4d1afe863d87",
    "data": [
      {
        "text": "Confidence, self-defense",
        "meta": "@question1",
        "alias": "question1",
        "userDefined": true
      },
      {
        "text": ", social skills, and communication.",
        "userDefined": false
      }
    ],
    "isTemplate": false,
    "count": 0,
    "lang": "en",
    "updated": 0
  },
  {
    "id": "53fc9cb8-305b-4b1d-9f8b-4ae6bd39d7da",
    "data": [
      {
        "text": "Confidence and teach how to work with other people.",
        "userDefined": false
      }
    ],
    "isTemplate": false,
    "count": 0,
    "lang": "en",
    "updated": 0
  },
  {
    "id": "b39a66b6-403d-4d35-bdc2-e5c1255204fd",
    "data": [
      {
        "text": "Confidence and self defense",
        "meta": "@question1",
        "alias": "question1",
        "userDefined": true
      }
    ],
    "isTemplate": false,
    "count": 0,
    "lang": "en",
    "updated": 0
  },
  {
    "id": "f72312bd-2b57-4841-8cbd-a724a234b2ad",
    "data": [
      {
        "text": "Calm her down teach her ",
        "userDefined": false
      },
      {
        "text": "discipline",
        "meta": "@question1",
        "alias": "question1",
        "userDefined": true
      },
      {
        "text": ".",
        "userDefined": false
      }
    ],
    "isTemplate": false,
    "count": 0,
    "lang": "en",
    "updated": 0
  },
  {
    "id": "e9365588-b668-4f79-8694-eb7105246ef8",
    "data": [
      {
        "text": "build ",
        "userDefined": false
      },
      {
        "text": "confidence and friendships",
        "meta": "@question1",
        "alias": "question1",
        "userDefined": true
      },
      {
        "text": " for my daughter.",
        "userDefined": false
      }
    ],
    "isTemplate": false,
    "count": 0,
    "lang": "en",
    "updated": 0
  },
  {
    "id": "bb05a87f-d17a-404e-b466-d4bbd98d009a",
    "data": [
      {
        "text": "To build ",
        "userDefined": false
      },
      {
        "text": "confidence, self-esteem",
        "meta": "@question1",
        "alias": "question1",
        "userDefined": true
      },
      {
        "text": ", interact with other children with the same respectful character,  physical fitness and learn the proper way of self-defense.",
        "userDefined": false
      }
    ],
    "isTemplate": false,
    "count": 0,
    "lang": "en",
    "updated": 0
  },
  {
    "id": "edc5918e-3543-4c1a-8546-27a63bc52912",
    "data": [
      {
        "text": "Teach to listen, ",
        "userDefined": false
      },
      {
        "text": "pay attention, focus, set goals",
        "meta": "@question1",
        "alias": "question1",
        "userDefined": true
      }
    ],
    "isTemplate": false,
    "count": 0,
    "lang": "en",
    "updated": 0
  },
  {
    "id": "5652c66b-2bd7-44aa-a73a-c282f2f48c5f",
    "data": [
      {
        "text": "Teach them ",
        "userDefined": false
      },
      {
        "text": "discipline, focus, respect, better their listening skills, and patience",
        "meta": "@question1",
        "alias": "question1",
        "userDefined": true
      }
    ],
    "isTemplate": false,
    "count": 0,
    "lang": "en",
    "updated": 0
  },
  {
    "id": "40ab184d-d730-47c5-b2bc-8426bb674af5",
    "data": [
      {
        "text": "Teach my child martial arts, ",
        "userDefined": false
      },
      {
        "text": "respect, confidence and discipline",
        "meta": "@question1",
        "alias": "question1",
        "userDefined": true
      },
      {
        "text": ". And to have fun!",
        "userDefined": false
      }
    ],
    "isTemplate": false,
    "count": 0,
    "lang": "en",
    "updated": 0
  },
  {
    "id": "5812ad22-1e23-4063-932c-a5b5bb7b38e3",
    "data": [
      {
        "text": "Teach discipline and respect",
        "meta": "@question1",
        "alias": "question1",
        "userDefined": true
      },
      {
        "text": ".",
        "userDefined": false
      }
    ],
    "isTemplate": false,
    "count": 0,
    "lang": "en",
    "updated": 0
  },
  {
    "id": "2510a608-8ded-4446-8682-89360ef1d7b4",
    "data": [
      {
        "text": "Strength and confidence",
        "meta": "@question1",
        "alias": "question1",
        "userDefined": true
      },
      {
        "text": " to be a successful person",
        "userDefined": false
      }
    ],
    "isTemplate": false,
    "count": 0,
    "lang": "en",
    "updated": 0
  },
  {
    "id": "838629a2-d058-473a-8a4e-283aa87be7dc",
    "data": [
      {
        "text": "Purpose, ",
        "userDefined": false
      },
      {
        "text": "direction, motivation, healthy habits",
        "meta": "@question1",
        "alias": "question1",
        "userDefined": true
      },
      {
        "text": " for life.",
        "userDefined": false
      }
    ],
    "isTemplate": false,
    "count": 0,
    "lang": "en",
    "updated": 0
  },
  {
    "id": "b965e271-3cdd-4278-9695-5514a0b777ad",
    "data": [
      {
        "text": "More ",
        "userDefined": false
      },
      {
        "text": "self confidence and discipline",
        "meta": "@question1",
        "alias": "question1",
        "userDefined": true
      }
    ],
    "isTemplate": false,
    "count": 0,
    "lang": "en",
    "updated": 0
  },
  {
    "id": "f2dfb423-1183-433e-81c8-289b627ec4d0",
    "data": [
      {
        "text": "More confidence",
        "meta": "@question1",
        "alias": "question1",
        "userDefined": true
      },
      {
        "text": ",",
        "userDefined": false
      }
    ],
    "isTemplate": false,
    "count": 0,
    "lang": "en",
    "updated": 0
  },
  {
    "id": "d5d8a43e-1cf3-4737-bfe6-b18dd64816ca",
    "data": [
      {
        "text": "More confidence and self defense",
        "meta": "@question1",
        "alias": "question1",
        "userDefined": true
      }
    ],
    "isTemplate": false,
    "count": 0,
    "lang": "en",
    "updated": 0
  },
  {
    "id": "bf4c40d0-81a9-4377-b24e-45a37767beab",
    "data": [
      {
        "text": "Mastery is already helping my child with ",
        "userDefined": false
      },
      {
        "text": "confidence, self defense and discipline",
        "meta": "@question1",
        "alias": "question1",
        "userDefined": true
      },
      {
        "text": " which is exactly what I wanted!",
        "userDefined": false
      }
    ],
    "isTemplate": false,
    "count": 0,
    "lang": "en",
    "updated": 0
  },
  {
    "id": "543121cf-6ac1-4088-ae5b-32618817cf5a",
    "data": [
      {
        "text": "Build her ",
        "userDefined": false
      },
      {
        "text": "self-confidence",
        "meta": "@question1",
        "alias": "question1",
        "userDefined": true
      },
      {
        "text": ".",
        "userDefined": false
      }
    ],
    "isTemplate": false,
    "count": 0,
    "lang": "en",
    "updated": 0
  },
  {
    "id": "afcb7eff-f70b-4781-9642-2a9062e27bcc",
    "data": [
      {
        "text": "Build her ",
        "userDefined": false
      },
      {
        "text": "confidence and control",
        "meta": "@question1",
        "alias": "question1",
        "userDefined": true
      },
      {
        "text": " over her ",
        "userDefined": false
      },
      {
        "text": "body",
        "userDefined": true
      }
    ],
    "isTemplate": false,
    "count": 0,
    "lang": "en",
    "updated": 0
  },
  {
    "id": "f08fe1c7-8d44-4767-a3c6-6d65f4af5fcb",
    "data": [
      {
        "text": "Build ",
        "userDefined": false
      },
      {
        "text": "confident, strong, independent",
        "meta": "@question1",
        "alias": "question1",
        "userDefined": true
      },
      {
        "text": " teenagers/adults who are prepared and equipt with the tools they need to navigate the world in which we are living.",
        "userDefined": false
      }
    ],
    "isTemplate": false,
    "count": 0,
    "lang": "en",
    "updated": 0
  },
  {
    "id": "36178a5b-56c5-4a11-ab2e-421375fde988",
    "data": [
      {
        "text": "Boost his ",
        "userDefined": false
      },
      {
        "text": "self confidence",
        "meta": "@question1",
        "alias": "question1",
        "userDefined": true
      },
      {
        "text": ". Get some physical activity. Become more of a leader than a follower.",
        "userDefined": false
      }
    ],
    "isTemplate": false,
    "count": 0,
    "lang": "en",
    "updated": 0
  }
]