[
  {
    "id": "61c3d9b8-461f-4b32-a21f-4c604f13d3f0",
    "data": [
      {
        "text": "19",
        "meta": "@sys.number",
        "alias": "number",
        "userDefined": false
      }
    ],
    "isTemplate": false,
    "count": 0,
    "lang": "en",
    "updated": 0
  },
  {
    "id": "c7da4e3e-5ab0-4041-adf7-3b73ca1bdaea",
    "data": [
      {
        "text": "8",
        "meta": "@sys.number",
        "alias": "number",
        "userDefined": false
      }
    ],
    "isTemplate": false,
    "count": 0,
    "lang": "en",
    "updated": 0
  },
  {
    "id": "e8facf59-49a2-4c23-9e49-0952bc1e5ce7",
    "data": [
      {
        "text": "5",
        "meta": "@sys.number",
        "alias": "number",
        "userDefined": false
      }
    ],
    "isTemplate": false,
    "count": 0,
    "lang": "en",
    "updated": 0
  },
  {
    "id": "206e0d0c-6cc5-4088-96a2-a23cc7251963",
    "data": [
      {
        "text": "10",
        "meta": "@sys.number",
        "alias": "number",
        "userDefined": false
      }
    ],
    "isTemplate": false,
    "count": 0,
    "lang": "en",
    "updated": 0
  },
  {
    "id": "de934c66-3b8a-4345-a7e6-0ee1b64347d7",
    "data": [
      {
        "text": "14",
        "meta": "@sys.number",
        "alias": "number",
        "userDefined": false
      }
    ],
    "isTemplate": false,
    "count": 0,
    "lang": "en",
    "updated": 0
  },
  {
    "id": "c854d182-0f01-48d6-8b54-f96305f7815b",
    "data": [
      {
        "text": "15",
        "meta": "@sys.number",
        "alias": "number",
        "userDefined": false
      }
    ],
    "isTemplate": false,
    "count": 0,
    "lang": "en",
    "updated": 0
  },
  {
    "id": "a83091de-697c-4774-b322-f4719d942499",
    "data": [
      {
        "text": "26",
        "meta": "@sys.number",
        "alias": "number",
        "userDefined": false
      }
    ],
    "isTemplate": false,
    "count": 0,
    "lang": "en",
    "updated": 0
  },
  {
    "id": "32dc94ab-6442-4e2a-afa0-7c0c016aba63",
    "data": [
      {
        "text": "25",
        "meta": "@sys.number",
        "alias": "number",
        "userDefined": false
      }
    ],
    "isTemplate": false,
    "count": 0,
    "lang": "en",
    "updated": 0
  }
]