[
  {
    "id": "64c2ee8b-dec9-460e-af51-7d64324c19d0",
    "data": [
      {
        "text": "ali",
        "meta": "@sys.person",
        "alias": "parentname",
        "userDefined": false
      }
    ],
    "isTemplate": false,
    "count": 0,
    "lang": "en",
    "updated": 0
  },
  {
    "id": "40d1ab07-307f-46ee-90fa-9e354bf48ee3",
    "data": [
      {
        "text": "mello",
        "meta": "@sys.person",
        "alias": "parentname",
        "userDefined": false
      }
    ],
    "isTemplate": false,
    "count": 0,
    "lang": "en",
    "updated": 0
  },
  {
    "id": "b340cc3c-dfe0-4462-bcfd-d60c5b65de69",
    "data": [
      {
        "text": "peter",
        "meta": "@sys.person",
        "alias": "parentname",
        "userDefined": false
      }
    ],
    "isTemplate": false,
    "count": 0,
    "lang": "en",
    "updated": 0
  },
  {
    "id": "9df9b8a4-1fca-4b8c-8735-813c542acf99",
    "data": [
      {
        "text": "my name is ",
        "userDefined": false
      },
      {
        "text": "vettori",
        "meta": "@sys.person",
        "alias": "parentname",
        "userDefined": false
      }
    ],
    "isTemplate": false,
    "count": 0,
    "lang": "en",
    "updated": 0
  },
  {
    "id": "4ece6051-7362-4821-bd74-ee4234b0824d",
    "data": [
      {
        "text": "my name is ",
        "userDefined": false
      },
      {
        "text": "shane",
        "meta": "@sys.person",
        "alias": "parentname",
        "userDefined": false
      }
    ],
    "isTemplate": false,
    "count": 0,
    "lang": "en",
    "updated": 0
  },
  {
    "id": "e5e4d12e-b61d-435a-8932-61a7fbbf58a3",
    "data": [
      {
        "text": "my name is ",
        "userDefined": false
      },
      {
        "text": "mello",
        "meta": "@sys.person",
        "alias": "parentname",
        "userDefined": false
      }
    ],
    "isTemplate": false,
    "count": 0,
    "lang": "en",
    "updated": 0
  },
  {
    "id": "fa763006-d28b-4be6-bbbb-eb63296bb22a",
    "data": [
      {
        "text": "my name is ",
        "userDefined": false
      },
      {
        "text": "starc",
        "meta": "@sys.person",
        "alias": "parentname",
        "userDefined": false
      }
    ],
    "isTemplate": false,
    "count": 0,
    "lang": "en",
    "updated": 0
  },
  {
    "id": "3ddaaa89-25a6-4150-befb-547579e73534",
    "data": [
      {
        "text": "my name is ",
        "userDefined": false
      },
      {
        "text": "peter",
        "meta": "@sys.person",
        "alias": "parentname",
        "userDefined": false
      }
    ],
    "isTemplate": false,
    "count": 0,
    "lang": "en",
    "updated": 0
  }
]